ID,URL
SUPER35MBPS,
SUPER100MBPS,
SUPER60MBPS,
SUPER60MBPSS,https://switch.com.iq/wp-content/uploads/2023/08/Evoucher-04-scaled.jpg
SUPER100MBPSS,https://switch.com.iq/wp-content/uploads/2023/08/Evoucher-03-scaled.jpg
SUPER35MBPSS,https://switch.com.iq/wp-content/uploads/2023/08/Evoucher-01-scaled.jpg
Jawaker32500Token,https://switch.com.iq/wp-content/uploads/2023/04/jawaker2.jpg
Jawaker70000Token,https://switch.com.iq/wp-content/uploads/2023/04/jawaker3.jpg
Jawaker4250Token,https://switch.com.iq/wp-content/uploads/2023/04/jawaker1.jpg
SUPERCARD25,
SUPERCARD35,
SUPERCARD25S,
SUPERCARD35S,
NintendoUS10,https://switch.com.iq/wp-content/uploads/2023/02/SW_-Evoucher-card-2.png
NintendoUS20,https://switch.com.iq/wp-content/uploads/2023/02/SW_-Evoucher-card-4.png
NintendoUS50,https://switch.com.iq/wp-content/uploads/2023/02/SW_-Evoucher-card-1.png
FTTH39000S,https://switch.com.iq/wp-content/uploads/2022/10/FTTH-39IQD-100MBPS.jpg
FTTH59000S,https://switch.com.iq/wp-content/uploads/2022/10/FTTH-59IQD-150MBPS.jpg
RBXUSD25GLBLS,https://switch.com.iq/wp-content/uploads/2022/06/roblox-25usd-300x193-1.png
RBXUSD10GLBLS,https://switch.com.iq/wp-content/uploads/2022/06/roblox-10usd-300x193-1.png
Newroz4G10000IQD,https://switch.com.iq/wp-content/uploads/2022/06/newroz-10000iqd-300x193-1.png
Newroz4G25000IQD,https://switch.com.iq/wp-content/uploads/2022/06/newroz-25000iqd.png
FastLink39000IQD,https://switch.com.iq/wp-content/uploads/2022/06/fastlink-card-39000-300x193-1.png
FastLink69000IQD,https://switch.com.iq/wp-content/uploads/2022/06/fastlink-card-69000-300x193-1.png
FastLink15000IQD,https://switch.com.iq/wp-content/uploads/2022/06/fastlink-card-15000-300x193-1.png
ZNPRPD3000IQDS,https://switch.com.iq/wp-content/uploads/2023/11/E-Voucher-Zain-03-1-scaled.jpg
ZNPRPD1000IQDS,https://switch.com.iq/wp-content/uploads/2022/06/1000.jpg
ZNPRPD500IQDS,https://switch.com.iq/wp-content/uploads/2022/06/500.jpg
ZNPRPD2000IQDS,https://switch.com.iq/wp-content/uploads/2022/06/2000.jpg
ZNPRPD5000IQDS,https://switch.com.iq/wp-content/uploads/2022/06/5000.jpg
ZNPRPD10000IQDS,https://switch.com.iq/wp-content/uploads/2022/06/10000.jpg
ZNPRPD15000IQDS,https://switch.com.iq/wp-content/uploads/2022/06/15000.jpg
ZNPRPD25000IQDS,https://switch.com.iq/wp-content/uploads/2022/06/25000.jpg
ZNPRPD18000IQDS,https://switch.com.iq/wp-content/uploads/2023/11/E-Voucher-Zain-02-4-scaled.jpg
ZNPRPD40KIQDS,
ZNPRPDSPCARD50S,https://switch.com.iq/wp-content/uploads/2023/10/E-Voucher-Zain-2-scaled.jpg
ZNPRPDSPCARD12S,https://switch.com.iq/wp-content/uploads/2023/10/E-Voucher-Zain-03-scaled.jpg
ZNPRPD100000IQDS,https://switch.com.iq/wp-content/uploads/2022/06/100000.jpg
ZNPRPD50000IQDS,https://switch.com.iq/wp-content/uploads/2022/06/50000.jpg
ZNPRPD40000IQDS,https://switch.com.iq/wp-content/uploads/2022/06/40000.jpg
ZNPRPD35000IQDS,https://switch.com.iq/wp-content/uploads/2022/06/35000.jpg
ZNPRPD30000IQDS,https://switch.com.iq/wp-content/uploads/2022/06/30000.jpg
ZinBikafi6000IQDS,https://switch.com.iq/wp-content/uploads/2023/10/E-Voucher-Zain_1-scaled.jpg
ZNPRPDSPCARD25S,https://switch.com.iq/wp-content/uploads/2023/11/SuoerCard-04-scaled.jpg
ZNPRPD6000IQDS,https://switch.com.iq/wp-content/uploads/2023/06/E-Voucher-Zain-6000-scaled.jpg
ZNPRPDSPCARD35S,https://switch.com.iq/wp-content/uploads/2023/11/SuoerCard-03-scaled.jpg
ZNPRPD5GBS,https://switch.com.iq/wp-content/uploads/2022/06/5G.jpg
ZNPRPD10GBS,https://switch.com.iq/wp-content/uploads/2022/06/10G.jpg
IRQCL5000IQDS,https://switch.com.iq/wp-content/uploads/2022/06/iraqcell-5000IQD-300x193-1.png
OMNNEA10S,https://switch.com.iq/wp-content/uploads/2022/06/Omnnea-10.jpg
OMNNEA5USDS,https://switch.com.iq/wp-content/uploads/2022/06/Omnnea-5.jpg
LUDODIAMOND13.000S,https://switch.com.iq/wp-content/uploads/2022/06/13.000.png
LUDODIAMOND27.800S,https://switch.com.iq/wp-content/uploads/2022/06/27.800.png
LUDODIAMOND56.000S,https://switch.com.iq/wp-content/uploads/2022/06/56.000.png
LUDODIAMOND168.000S,https://switch.com.iq/wp-content/uploads/2022/06/168.000.png
LUDODIAMOND5.200S,https://switch.com.iq/wp-content/uploads/2022/06/5.200.png
LUDOGOLD25.300.000S,https://switch.com.iq/wp-content/uploads/2022/06/25.300.000.png
LUDOGOLD1.480.000S,https://switch.com.iq/wp-content/uploads/2022/06/1.480.000.png
LUDOGOLD76.000.000S,https://switch.com.iq/wp-content/uploads/2022/06/76.000.000-1.png
LUDOGOLD10.030.000S,https://switch.com.iq/wp-content/uploads/2022/06/10.030.000.png
LUDOGOLD3.700.000S,https://switch.com.iq/wp-content/uploads/2022/06/3.700.000.png
SHDVIP12MNSS,https://switch.com.iq/wp-content/uploads/2022/06/shahid-vip-1year-300x193-1.png
SHDVIP3MNSS,https://switch.com.iq/wp-content/uploads/2022/06/shahid-vip-3months-300x193-1.png
EBY10USDGLBLS,https://switch.com.iq/wp-content/uploads/2022/06/10.jpg
EBY25USDGLBLS,https://switch.com.iq/wp-content/uploads/2022/06/25.jpg
EBY50USDGLBLS,https://switch.com.iq/wp-content/uploads/2022/06/50.jpg
NTFLX50USAS,https://switch.com.iq/wp-content/uploads/2022/06/50.png
NTFLX100USAS,https://switch.com.iq/wp-content/uploads/2022/06/100.png
NTFLX25USAS,https://switch.com.iq/wp-content/uploads/2022/06/25.png
NTFLX15USAS,https://switch.com.iq/wp-content/uploads/2022/06/15.png
FTTH39000,
FTTH59000,
NEWROZ4G25000,
NEWROZ4G10000,
FASTLINK39000,
FASTLINK15000,
FASTLINK69000,
MISWAG1MIQD,https://switch.com.iq/wp-content/uploads/2022/04/1M.png
MISWAG250000IQD,https://switch.com.iq/wp-content/uploads/2022/04/250000.png
MISWAG100000IQD,https://switch.com.iq/wp-content/uploads/2022/04/100000.png
MISWAG50000IQD,https://switch.com.iq/wp-content/uploads/2022/04/50000.png
MISWAG25000IQD,https://switch.com.iq/wp-content/uploads/2022/04/25000.png
MISWAG500000IQD,https://switch.com.iq/wp-content/uploads/2022/04/miswag_500.png
LUDOGOLD1.480.000,
LUDOGOLD3.700.000,
LUDOGOLD10.030.000,
LUDOGOLD25.300.000,
LUDOGOLD76.000.000,
LUDODIAMOND5.200,
LUDODIAMOND13.000,
LUDODIAMOND27.800,
LUDODIAMOND56.000,
LUDODIAMOND168.000,
LIKEE10USD,https://switch.com.iq/wp-content/uploads/2021/12/BIGO-Likee.png
FRFIR24200DMNDS,https://switch.com.iq/wp-content/uploads/2021/12/FreeFire.png
FRFIR1188DMNDS,https://switch.com.iq/wp-content/uploads/2021/12/FreeFire.png
FRFIR583DMNDS,https://switch.com.iq/wp-content/uploads/2021/12/FreeFire.png
FRFIR231DMNDS,https://switch.com.iq/wp-content/uploads/2021/12/FreeFire.png
FRFIR110DMNDS,https://switch.com.iq/wp-content/uploads/2021/12/FreeFire.png
PLYSTN10UAE,
PLYSTN12MUAE,
PLYSTN3MUAE,
PLYSTN1MUAE,
PLYSTN50UAE,
PLYSTN20UAE,
EBY25USDGLBL,
EBY50USDGLBL,
EBY10USDGLBL,
NTFLX100USA,
NTFLX25USA,
NTFLX15USA,
NTFLX50USA,
ALKML15000,
ALKML25000,
PLYSTNNTRKUAE12MNTAE,"https://switch.com.iq/wp-content/uploads/2022/06/PlayStation-Network-UAE-12-Month-Membership-AE.png
"
PLYSTNNTRKUAE3MNTAE,https://switch.com.iq/wp-content/uploads/2022/06/PlayStation-Network-UAE-3-Month-Membership-AE.png
PLYSTNNTRKUAE1MNTAE,https://switch.com.iq/E-Voucher/PS/1x/PlayStation%20Network%20UAE%20-%201%20Month%20Membership%20(AE).png
PLYSTNNTRKUAEUSD20AE,https://switch.com.iq/E-Voucher/PS/1x/PlayStation%20Network%20UAE%20-%20USD%2020%20(AE).png
PLYSTNNTRKUAEUSD50AE,https://switch.com.iq/E-Voucher/PS/1x/PlayStation%20Network%20UAE%20-%20USD%2050%20(AE).png
PLYSTNNTRKUAEUSD10AE,https://switch.com.iq/E-Voucher/PS/1x/PlayStation%20Network%20UAE%20-%20USD%2010%20(AE).png
XBXUS12MNTHMBRUS,https://switch.com.iq/E-Voucher/Xbox/1x/Xbox%20US%20-%2012%20Month%20Membership%20(US).png
XBXUS3MNTHMBRUS,https://switch.com.iq/E-Voucher/Xbox/1x/Xbox%20US%20-%203%20Month%20Membership%20(US).png
XBXUSD15US,https://switch.com.iq/E-Voucher/Xbox/1x/Xbox%20US%20-%20USD%2015%20(US).png
XBXUSD25US,https://switch.com.iq/E-Voucher/Xbox/1x/Xbox%20US%20-%20USD%2025(US).png
XBXUSD50US,https://switch.com.iq/E-Voucher/Xbox/1x/Xbox%20US%20-%20USD%2050(US).png
XBXUS1MNTHMBRUS,https://switch.com.iq/E-Voucher/Xbox/1x/Xbox%20US%20-%201%20Month%20Membership%20(US).png
XBXUSD10US,https://switch.com.iq/E-Voucher/Xbox/1x/Xbox%20US%20-%20USD%2010%20(US).png
XBXUSD5US,https://switch.com.iq/wp-content/uploads/2022/06/Xbox-US-USD-15-US.png
ITNSUSUSD30,https://switch.com.iq/E-Voucher/Itunes/1x/iTunes%20US%20-%20USD%2030%20(US).png
ITNSUSUSD5,https://switch.com.iq/E-Voucher/Itunes/1x/ITNSUSUSD5US.png
ITNSUSUSD15,https://switch.com.iq/E-Voucher/Itunes/1x/ITNSUSUSD15US.png
ITNSUSUSD20,https://switch.com.iq/E-Voucher/Itunes/1x/ITNSUSUSD20US.png
ITNSUSUSD10,https://switch.com.iq/E-Voucher/Itunes/1x/ITNSUSUSD10US.png
ITNSUSUSD3,https://switch.com.iq/E-Voucher/Itunes/1x/iTunes%20$3.png
ITNSUSUSD4,https://switch.com.iq/E-Voucher/Itunes/1x/iTunes%20$4.png
ITNSUSUSD2,https://switch.com.iq/E-Voucher/Itunes/1x/iTunes%20$2.png
ITNSUSUSD100,https://switch.com.iq/E-Voucher/Itunes/1x/iTunes%20US%20-%20USD%20100%20(US).png
ITNSUSUSD200,https://switch.com.iq/wp-content/uploads/2022/06/iTunes-US-USD-200-US.png
ITNSUSUSD50,https://switch.com.iq/E-Voucher/Itunes/1x/iTunes%20US%20-%20USD%2050%20(US).png
KOREK60000,https://switch.com.iq/E-Voucher/Korek/1x/Korek%2060000.png
KOREK30000,https://switch.com.iq/E-Voucher/Korek/1x/Korek%2030000.png
KOREK15000,https://switch.com.iq/E-Voucher/Korek/1x/Korek%2015000.png
KOREK10000,https://switch.com.iq/E-Voucher/Korek/1x/Korek%2010000.png
KOREK1000,https://switch.com.iq/E-Voucher/Korek/1x/Korek%201000.png
KOREK4000,https://switch.com.iq/E-Voucher/Korek/1x/Korek%204000.png
KOREK3000,https://switch.com.iq/E-Voucher/Korek/1x/Korek%203000.png
KOREK2000,https://switch.com.iq/E-Voucher/Korek/1x/Korek%202000.png
KOREK5000,https://switch.com.iq/E-Voucher/Korek/1x/Korek%205000.png
STEMAED50INT,https://switch.com.iq/E-Voucher/Steam/1x/Steam%20AED%2050%20INT.png
STEMSAR100INT,https://switch.com.iq/E-Voucher/Steam/1x/Steam%20SAR%20100%20INT.png
STEMSAR20INT,https://switch.com.iq/E-Voucher/Steam/1x/Steam%20SAR%2020%20INT.png
STEMSAR40INT,https://switch.com.iq/E-Voucher/Steam/1x/Steam%20SAR%2040%20INT.png
STEAMUS100S,https://switch.com.iq/wp-content/uploads/2023/03/steam-gift-card-100_2.jpg
PLYSTNNTRKUSD10US,https://switch.com.iq/E-Voucher/PS/1x/PlayStation%20Network%20US%20-%20USD%2010%20(US).png
PLYSTNNTRKUSD25US,https://switch.com.iq/E-Voucher/PS/1x/PlayStation%20Network%20US%20-%20USD%2025%20(US).png
PLYSTNNTRKUSD60US,https://switch.com.iq/E-Voucher/PS/1x/PlayStation%20Network%20US%20-%20USD%2060%20(US).png
PLYSTNNTRKUSD75US,https://switch.com.iq/E-Voucher/PS/1x/PlayStation%20Network%20US%20-%20USD%2075%20(USD).png
PLYSTNNTRKUSD50US,https://switch.com.iq/E-Voucher/PS/1x/PlayStation%20Network%20US%20-%20USD%2050%20(US).png
PLYSTNNTRK3MNTH,https://switch.com.iq/E-Voucher/PS/1x/PlayStation%20NOW%20-%203%20Months%20Subscription.png
PLYSTNNTRKUSD100US,https://switch.com.iq/E-Voucher/PS/1x/PlayStation%20Network%20US%20-%20USD%20100%20(US).png
PLYSTNNTRKUSD20US,https://switch.com.iq/E-Voucher/PS/1x/PlayStation%20Network%20US%20-%20USD%2020%20(US).png
PLYSTNNTRK12MNTH,https://switch.com.iq/E-Voucher/PS/1x/PlayStation%20NOW%20-%2012%20Months%20Subscription.png
ASIA3000,https://switch.com.iq/E-Voucher/Asiacell/1x/Asia%203000.png
ASIA2000,https://switch.com.iq/E-Voucher/Asiacell/1x/Asia%202000.png
ASIA1000,https://switch.com.iq/E-Voucher/Asiacell/1x/Asia%201000.png
ASIA100000,https://switch.com.iq/E-Voucher/Asiacell/1x/Asia%20100000.png
ASIA50000,https://switch.com.iq/E-Voucher/Asiacell/1x/Asia%2050000.png
ASIA40000,https://switch.com.iq/E-Voucher/Asiacell/1x/Asia%2040000.png
ASIA25000,https://switch.com.iq/E-Voucher/Asiacell/1x/Asia%2025000.png
ASIA15000,https://switch.com.iq/E-Voucher/Asiacell/1x/Asia%2015000.png
ASIA5000,https://switch.com.iq/E-Voucher/Asiacell/1x/Asia%205000.png
ASIA10000,https://switch.com.iq/E-Voucher/Asiacell/1x/Asia%2010000.png
MCECOMMERCEUSD300,https://switch.com.iq/wp-content/uploads/2021/12/ecom300.png
MCECOMMERCEUSD10,https://switch.com.iq/wp-content/uploads/2021/12/ecom10.png
MCECOMMERCEUSD25,https://switch.com.iq/wp-content/uploads/2021/12/ecom25.png
MCECOMMERCEUSD50,https://switch.com.iq/wp-content/uploads/2021/12/ecom50.png
VISAECOMMERCEUSD300,https://switch.com.iq/wp-content/uploads/2022/02/300_4x.png
VISAECOMMERCEUSD10,https://switch.com.iq/wp-content/uploads/2022/02/10_4x.png
VISAECOMMERCEUSD25,https://switch.com.iq/wp-content/uploads/2022/02/25_4x.png
VISAECOMMERCEUSD50,https://switch.com.iq/wp-content/uploads/2022/02/50_4x.png
VISAECOMMERCEUSD100,https://switch.com.iq/wp-content/uploads/2022/02/100_4x.png
MCECOMMERCEUSD100,https://switch.com.iq/wp-content/uploads/2021/12/ecom100.png
RZRGDPNSUSD10INT,https://switch.com.iq/E-Voucher/Razer/1x/Razer%20Gold%20Pins%20-%20USD%2010%20(INT).png
RZRGDPNSUSD100INT,https://switch.com.iq/E-Voucher/Razer/1x/Razer%20Gold%20Pins%20-%20USD%20100%20(INT).png
RZRGDPNSUSD50INT,https://switch.com.iq/E-Voucher/Razer/1x/Razer%20Gold%20Pins%20-%20USD%2050%20(INT).png
RZRGDPNSUSD20INT,https://switch.com.iq/E-Voucher/Razer/1x/Razer%20Gold%20Pins%20-%20USD%2020%20(INT).png
RZRGDPNSUSD5INT,https://switch.com.iq/E-Voucher/Razer/1x/Razer%20Gold%20Pins%20-%20USD%205%20(INT).png
PUBG190UC,https://switch.com.iq/wp-content/uploads/Games/pubg.png
PUBG16200UCS,https://switch.com.iq/wp-content/uploads/2022/06/PUBG-16200-UC.png
PUBG60UC,https://switch.com.iq/E-Voucher/PUBG/1x/PUBG%20-%2060%20UC.png
PUBG8100UC,https://switch.com.iq/E-Voucher/PUBG/1x/PUBG%20-%208100%20UC.png
PUBG1500+300UC,https://switch.com.iq/E-Voucher/PUBG/1x/PUBG%20-%201500%20+%20300%20UC.png
PUBG600+60UC,https://switch.com.iq/E-Voucher/PUBG/1x/PUBG%20-%20600%20+%2060%20UC.png
PUBG300+25UC,https://switch.com.iq/E-Voucher/PUBG/1x/PUBG%20-%20300%20+%2025%20UC.png
PUBG3000+850UC,https://switch.com.iq/E-Voucher/PUBG/1x/PUBG%20-%203000%20+%20850%20UC.png
CREMIQD100000,https://switch.com.iq/wp-content/uploads/CAREEM/careem%20100%20iqd.png
CREMIQD25000,https://switch.com.iq/wp-content/uploads/CAREEM/careem%2025%20iqd.png
CREMIQD10000,https://switch.com.iq/wp-content/uploads/CAREEM/careem%2010iqd.png
CREMIQD50000,https://switch.com.iq/wp-content/uploads/CAREEM/careem%2050%20iqd.png
GGLPLYUSD10US,https://switch.com.iq/E-Voucher/Google%20play/1x/Google%20Play%20US%20-%20USD%2010%20(US).png
GGLPLYUSD15US,https://switch.com.iq/E-Voucher/Google%20play/1x/Google%20Play%20US%20-%20USD%2015%20(US).png
GGLPLYUSD50US,https://switch.com.iq/E-Voucher/Google%20play/1x/Google%20Play%20US%20-%20USD%2050%20(US).png
GGLPLYUSD5US,https://switch.com.iq/wp-content/uploads/stores/Google%20Play.png
GGLPLYUSD25US,https://switch.com.iq/E-Voucher/Google%20play/1x/Google%20Play%20US%20-%20USD%2025%20(US).png
AMZNUSD50US,https://switch.com.iq/E-Voucher/amazon/1x/Amazon%20US%20-%20USD%2050%20(US).png
AMZNUSD25US,https://switch.com.iq/E-Voucher/amazon/1x/Amazon%20US%20-%20USD%2025%20(US).png
AMZNUSD100US,https://switch.com.iq/E-Voucher/amazon/1x/Amazon%20US%20-%20USD%20100%20(US).png
AMZNUSD15US,https://switch.com.iq/wp-content/uploads/2022/06/15-USA.jpg
AMZNUSD10US,https://switch.com.iq/E-Voucher/amazon/1x/Amazon%20US%20-%20USD%2010%20(US).png
IRQCL5000IQD,https://switch.com.iq/wp-content/uploads/gift_cards_monochrome/IraqCell.bmp
IRQCL10000IQD,https://switch.com.iq/wp-content/uploads/gift_cards_monochrome/IraqCell.bmp
IRQCL15000IQD,https://switch.com.iq/wp-content/uploads/gift_cards_monochrome/IraqCell.bmp
IRQCL25000IQD,https://switch.com.iq/wp-content/uploads/gift_cards_monochrome/IraqCell.bmp
OMNNEA5USD,https://switch.com.iq/wp-content/uploads/gift_cards_monochrome/Omnea.bmp
OMNNEA10,https://switch.com.iq/wp-content/uploads/gift_cards_monochrome/Omnea.bmp
OMNNEA3000IQD,https://switch.com.iq/wp-content/uploads/gift_cards_monochrome/Omnea.bmp
MBLGND278DMNDS,https://switch.com.iq/wp-content/uploads/gift_cards_monochrome/Mobile Legends.bmp
MBLGND56DMNDS,https://switch.com.iq/wp-content/uploads/gift_cards_monochrome/Mobile Legends.bmp
MBLGND1167DMNDS,https://switch.com.iq/wp-content/uploads/gift_cards_monochrome/Mobile Legends.bmp
MBLGND1783DMNDS,https://switch.com.iq/wp-content/uploads/gift_cards_monochrome/Mobile Legends.bmp
MBLGND4770DMNDS,https://switch.com.iq/wp-content/uploads/gift_cards_monochrome/Mobile Legends.bmp
MBLGNDSTRLTMBSHPLS,https://switch.com.iq/wp-content/uploads/gift_cards_monochrome/Mobile Legends.bmp
MBLGNDSTRLTMBSHP,https://switch.com.iq/wp-content/uploads/gift_cards_monochrome/Mobile Legends.bmp
MBLGNDTWLTPAS,https://switch.com.iq/wp-content/uploads/gift_cards_monochrome/Mobile Legends.bmp
MBLGND571DMNDS,https://switch.com.iq/wp-content/uploads/gift_cards_monochrome/Mobile Legends.bmp
MBLGND3005DMNDS,https://switch.com.iq/wp-content/uploads/gift_cards_monochrome/Mobile Legends.bmp
MBLGND6012DMNDS,https://switch.com.iq/wp-content/uploads/gift_cards_monochrome/Mobile Legends.bmp
XBX3MNTHMBRSHPUS,https://switch.com.iq/wp-content/uploads/gift_cards_monochrome/Xbox US.bmp
XBXUSUSD15US,https://switch.com.iq/wp-content/uploads/gift_cards_monochrome/Xbox US.bmp
XBXUS50USD,https://switch.com.iq/wp-content/uploads/gift_cards_monochrome/Xbox US.bmp
XBX1MNTHMBRSHPUS,https://switch.com.iq/wp-content/uploads/gift_cards_monochrome/Xbox US.bmp
XBX12MNTHMBRSHPUS,https://switch.com.iq/wp-content/uploads/gift_cards_monochrome/Xbox US.bmp
XBXUS10USD,https://switch.com.iq/wp-content/uploads/gift_cards_monochrome/Xbox US.bmphttps://switch.com.iq/wp-content/uploads/gift_cards_monochrome/Xbox US.bmp
XBXUS5USD,https://switch.com.iq/wp-content/uploads/gift_cards_monochrome/Xbox US.bmphttps://switch.com.iq/wp-content/uploads/gift_cards_monochrome/Xbox US.bmp
XBXUS20USD,https://switch.com.iq/wp-content/uploads/gift_cards_monochrome/Xbox US.bmphttps://switch.com.iq/wp-content/uploads/gift_cards_monochrome/Xbox US.bmp
XBXUSGOLD1MNTH,https://switch.com.iq/wp-content/uploads/gift_cards_monochrome/Xbox US.bmphttps://switch.com.iq/wp-content/uploads/gift_cards_monochrome/Xbox US.bmp
XBXUSGOLD3MNTH,https://switch.com.iq/wp-content/uploads/gift_cards_monochrome/Xbox US.bmphttps://switch.com.iq/wp-content/uploads/gift_cards_monochrome/Xbox US.bmp
XBXUSULT1MNTH,https://switch.com.iq/wp-content/uploads/gift_cards_monochrome/Xbox US.bmphttps://switch.com.iq/wp-content/uploads/gift_cards_monochrome/Xbox US.bmp
XBXUSULT3MNTH,https://switch.com.iq/wp-content/uploads/gift_cards_monochrome/Xbox US.bmphttps://switch.com.iq/wp-content/uploads/gift_cards_monochrome/Xbox US.bmp
XBXUS25USD,https://switch.com.iq/wp-content/uploads/gift_cards_monochrome/Xbox US.bmp
RBXUSD10GLBL,https://switch.com.iq/wp-content/uploads/gift_cards_monochrome/Roblox.bmp
RBXUSD25GLBL,https://switch.com.iq/wp-content/uploads/gift_cards_monochrome/Roblox.bmp
MNCRFT3500MNCNS,https://switch.com.iq/wp-content/uploads/gift_cards_monochrome/Minecraft.bmp
MNCRFT,https://switch.com.iq/wp-content/uploads/gift_cards_monochrome/Minecraft.bmp
MNCRFT1720MNCNS,https://switch.com.iq/wp-content/uploads/gift_cards_monochrome/Minecraft.bmp
MCFETTLPRTCN10DVC,https://switch.com.iq/wp-content/uploads/gift_cards_monochrome/McAfee.bmp
MCFEINTSCRY3DVC,https://switch.com.iq/wp-content/uploads/gift_cards_monochrome/McAfee.bmp
MCFEINTSCRY10DVC,https://switch.com.iq/wp-content/uploads/gift_cards_monochrome/McAfee.bmp
MCFETTLPRTCN5DVC,https://switch.com.iq/wp-content/uploads/gift_cards_monochrome/McAfee.bmp
MCFEANVRS1USR,https://switch.com.iq/wp-content/uploads/gift_cards_monochrome/McAfee.bmp
MCFEINTSCRY1DVC,https://switch.com.iq/wp-content/uploads/gift_cards_monochrome/McAfee.bmp
IMVUSD50INT,https://switch.com.iq/wp-content/uploads/gift_cards_monochrome/IMVU.bmp
IMVUSD25INT,https://switch.com.iq/wp-content/uploads/gift_cards_monochrome/IMVU.bmp
BLTV1MTHSBRPNLVT,https://switch.com.iq/wp-content/uploads/gift_cards_monochrome/BluTV.bmp
APLEMC12MTHMBSHPUS,https://switch.com.iq/wp-content/uploads/gift_cards_monochrome/Apple Music.bmp
APLEMC3MTHMBSHPUS,https://switch.com.iq/wp-content/uploads/gift_cards_monochrome/Apple Music.bmp
KRKPRPD10000IQD,https://switch.com.iq/wp-content/uploads/gift_cards_monochrome/Korek Prepaid.bmp
KRKPRPD5000IQD,https://switch.com.iq/wp-content/uploads/gift_cards_monochrome/Korek Prepaid.bmp
KRKPRPD2000IQD,https://switch.com.iq/wp-content/uploads/gift_cards_monochrome/Korek Prepaid.bmp
KRKPRPD1000IQD,https://switch.com.iq/wp-content/uploads/gift_cards_monochrome/Korek Prepaid.bmp
KRKPRPD15000IQD,https://switch.com.iq/wp-content/uploads/gift_cards_monochrome/Korek Prepaid.bmp
KRKPRPD4000IQD,https://switch.com.iq/wp-content/uploads/gift_cards_monochrome/Korek Prepaid.bmp
KRKPRPD30000IQD,https://switch.com.iq/wp-content/uploads/gift_cards_monochrome/Korek Prepaid.bmp
KRKPRPD60000IQD,https://switch.com.iq/wp-content/uploads/gift_cards_monochrome/Korek Prepaid.bmp
KRKPRPD3000IQD,https://switch.com.iq/wp-content/uploads/gift_cards_monochrome/Korek Prepaid.bmp
ZNPRPD18000IQD,https://switch.com.iq/wp-content/uploads/2023/11/E-Voucher-Zain-02-4-scaled.jpg
ZNPRPD40KIQD,
ZNPRPDSPCARD50,
ZNPRPDSPCARD12,
ZNPRPD10GB,https://switch.com.iq/wp-content/uploads/gift_cards_monochrome/Zain Prepaid .bmp
ZinBikafi6000IQD,https://switch.com.iq/wp-content/uploads/2023/07/E-VoucherZain-bkefe-scaled.jpg
ZNPRPD6000IQD,https://switch.com.iq/wp-content/uploads/2023/06/E-Voucher-Zain-6000-scaled.jpg
ZNPRPDSPCARD35,https://switch.com.iq/wp-content/uploads/2023/11/SuoerCard-03-scaled.jpg
ZNPRPDSPCARD25,https://switch.com.iq/wp-content/uploads/2023/11/SuoerCard-04-scaled.jpg
ZNPRPD5GB,https://switch.com.iq/wp-content/uploads/gift_cards_monochrome/Zain Prepaid .bmp
ZNPRPD4GB,https://switch.com.iq/wp-content/uploads/gift_cards_monochrome/Zain Prepaid .bmp
ZNPRPD40000IQD,https://switch.com.iq/wp-content/uploads/gift_cards_monochrome/Zain Prepaid .bmp
ZNPRPD100000IQD,https://switch.com.iq/wp-content/uploads/gift_cards_monochrome/Zain Prepaid .bmp
ZNPRPD50000IQD,https://switch.com.iq/wp-content/uploads/gift_cards_monochrome/Zain Prepaid .bmp
ZNPRPD35000IQD,https://switch.com.iq/wp-content/uploads/gift_cards_monochrome/Zain Prepaid .bmp
ZNPRPD25000IQD,https://switch.com.iq/wp-content/uploads/gift_cards_monochrome/Zain Prepaid .bmp
ZNPRPD15000IQD,https://switch.com.iq/wp-content/uploads/gift_cards_monochrome/Zain Prepaid .bmp
ZNPRPD10000IQD,https://switch.com.iq/wp-content/uploads/gift_cards_monochrome/Zain Prepaid .bmp
ZNPRPD2000IQD,https://switch.com.iq/wp-content/uploads/gift_cards_monochrome/Zain Prepaid .bmp
ZNPRPD1000IQD,https://switch.com.iq/wp-content/uploads/gift_cards_monochrome/Zain Prepaid .bmp
ZNPRPD500IQD,https://switch.com.iq/wp-content/uploads/gift_cards_monochrome/Zain Prepaid .bmp
ZNPRPD30000IQD,https://switch.com.iq/wp-content/uploads/gift_cards_monochrome/Zain Prepaid .bmp
ZNPRPD3000IQD,https://switch.com.iq/wp-content/uploads/2023/11/E-Voucher-Zain-03-1-scaled.jpg
ZNPRPD250IQD,https://switch.com.iq/wp-content/uploads/gift_cards_monochrome/Zain Prepaid .bmp
ZNPRPD5000IQD,https://switch.com.iq/wp-content/uploads/gift_cards_monochrome/Zain Prepaid .bmp
BLD&SL400NCN,https://switch.com.iq/wp-content/uploads/gift_cards_monochrome/Blade & Soul.bmp
BLD&SL800NCN,https://switch.com.iq/wp-content/uploads/gift_cards_monochrome/Blade & Soul.bmp
BLD&SL8000NCN,https://switch.com.iq/wp-content/uploads/gift_cards_monochrome/Blade & Soul.bmp
BLD&SL4000NCN,https://switch.com.iq/wp-content/uploads/gift_cards_monochrome/Blade & Soul.bmp
BLD&SL1600NCN,https://switch.com.iq/wp-content/uploads/gift_cards_monochrome/Blade & Soul.bmp
CRM100000IQD,https://switch.com.iq/wp-content/uploads/gift_cards_monochrome/Careem.bmp
CRM5000IQD,https://switch.com.iq/wp-content/uploads/gift_cards_monochrome/Careem.bmp
CRM10000IQD,https://switch.com.iq/wp-content/uploads/gift_cards_monochrome/Careem.bmp
CRM25000IQD,https://switch.com.iq/wp-content/uploads/gift_cards_monochrome/Careem.bmp
CRM50000IQD,https://switch.com.iq/wp-content/uploads/gift_cards_monochrome/Careem.bmp
ASIAPRPD100000IQD,https://switch.com.iq/wp-content/uploads/gift_cards_monochrome/Asia Prepaid.bmp
ASIAPRPD500M,https://switch.com.iq/wp-content/uploads/gift_cards_monochrome/Asia Prepaid.bmp
ASIAPRPD5GB,https://switch.com.iq/wp-content/uploads/gift_cards_monochrome/Asia Prepaid.bmp
ASIAPRPD50000IQD,https://switch.com.iq/wp-content/uploads/gift_cards_monochrome/Asia Prepaid.bmp
ASIAPRPD40000IQD,https://switch.com.iq/wp-content/uploads/gift_cards_monochrome/Asia Prepaid.bmp
ASIAPRPD25000IQD,https://switch.com.iq/wp-content/uploads/gift_cards_monochrome/Asia Prepaid.bmp
ASIAPRPD15000IQD,https://switch.com.iq/wp-content/uploads/gift_cards_monochrome/Asia Prepaid.bmp
ASIAPRPD10000IQD,https://switch.com.iq/wp-content/uploads/gift_cards_monochrome/Asia Prepaid.bmp
ASIAPRPD5000IQD,https://switch.com.iq/wp-content/uploads/gift_cards_monochrome/Asia Prepaid.bmp
ASIAPRPD3000IQD,https://switch.com.iq/wp-content/uploads/gift_cards_monochrome/Asia Prepaid.bmp
ASIAPRPD2000IQD,https://switch.com.iq/wp-content/uploads/gift_cards_monochrome/Asia Prepaid.bmp
ASIAPRPD1000IQD,https://switch.com.iq/wp-content/uploads/gift_cards_monochrome/Asia Prepaid.bmp
ASIAPRPD500IQD,https://switch.com.iq/wp-content/uploads/gift_cards_monochrome/Asia Prepaid.bmp
ASIAPRPD750IQD,https://switch.com.iq/wp-content/uploads/gift_cards_monochrome/Asia Prepaid.bmp
SKPUSD25INT,https://switch.com.iq/wp-content/uploads/gift_cards_monochrome/Skype.bmp
SKPUSD10INT,https://switch.com.iq/wp-content/uploads/gift_cards_monochrome/Skype.bmp
SHDVIP3MNS,https://switch.com.iq/wp-content/uploads/gift_cards_monochrome/Shahid VIP.bmp
SHDVIP12MNS,https://switch.com.iq/wp-content/uploads/gift_cards_monochrome/Shahid VIP.bmp
SPTFYUSUSD10US,https://switch.com.iq/wp-content/uploads/gift_cards_monochrome/Spotify US .bmp
SPTFYUSUSD30US,https://switch.com.iq/wp-content/uploads/gift_cards_monochrome/Spotify US .bmp
SPTFYUSUSD60US,https://switch.com.iq/wp-content/uploads/gift_cards_monochrome/Spotify US .bmp
LEGLGNDEUEUR20EU,https://switch.com.iq/wp-content/uploads/gift_cards_monochrome/League of Legends EU.bmp
LEGLGNDEUEUR10EU,https://switch.com.iq/wp-content/uploads/gift_cards_monochrome/League of Legends EU.bmp
NTDOUSESPUSD20US,https://switch.com.iq/wp-content/uploads/gift_cards_monochrome/Nintendo US.bmp
NTDOUSESPUSD50US,https://switch.com.iq/wp-content/uploads/gift_cards_monochrome/Nintendo US.bmp
NTDOUSESPUSD35US,https://switch.com.iq/wp-content/uploads/gift_cards_monochrome/Nintendo US.bmp
NTDOUSESPUSD10US,https://switch.com.iq/wp-content/uploads/gift_cards_monochrome/Nintendo US.bmp
RZRGDPSUSD20INT,https://switch.com.iq/wp-content/uploads/gift_cards_monochrome/Razer Gold Pins.bmp
RZRGDPSUSD50INT,https://switch.com.iq/wp-content/uploads/gift_cards_monochrome/Razer Gold Pins.bmp
RZRGDPSUSD5INT,https://switch.com.iq/wp-content/uploads/gift_cards_monochrome/Razer Gold Pins.bmp
RZRGDPSUSD100INT,https://switch.com.iq/wp-content/uploads/gift_cards_monochrome/Razer Gold Pins.bmp
RZRGDPSUSD10INT,https://switch.com.iq/wp-content/uploads/gift_cards_monochrome/Razer Gold Pins.bmp
STMSAR100INT,https://switch.com.iq/wp-content/uploads/gift_cards_monochrome/Steam.bmp
STMKWD10INT,https://switch.com.iq/wp-content/uploads/gift_cards_monochrome/Steam.bmp
STMSAR40INT,https://switch.com.iq/wp-content/uploads/gift_cards_monochrome/Steam.bmp
STMKWD15INT,https://switch.com.iq/wp-content/uploads/gift_cards_monochrome/Steam.bmp
STMKWD5INT,https://switch.com.iq/wp-content/uploads/gift_cards_monochrome/Steam.bmp
STMSAR20INT,https://switch.com.iq/wp-content/uploads/gift_cards_monochrome/Steam.bmp
STMAED400INT,https://switch.com.iq/wp-content/uploads/gift_cards_monochrome/Steam.bmp
STMAED200INT,https://switch.com.iq/wp-content/uploads/gift_cards_monochrome/Steam.bmp
STMAED50INT,https://switch.com.iq/wp-content/uploads/gift_cards_monochrome/Steam.bmp
STMUSA20,https://switch.com.iq/wp-content/uploads/gift_cards_monochrome/Steam.bmp
STM50USD,
STM10USD,
AMZNUKGBP10GB,
AMZNUKGBP100GB,
AMZNUKGBP25GB,
AMZNUKGBP50GB,https://switch.com.iq/wp-content/uploads/gift_cards_monochrome/Amazon.bmp
AMZNUSUSD10US,
AMZNUSUSD50US,
AMZNUSUSD25US,
AMZN15USA,
AMZNUSUSD100US,
GGLPLYUKGBP10GB,https://switch.com.iq/wp-content/uploads/gift_cards_monochrome/Google Play UK.bmp
GGLPLYUKGBP50GB,https://switch.com.iq/wp-content/uploads/gift_cards_monochrome/Google Play UK.bmp
GGLPLYUKGBP25GB,https://switch.com.iq/wp-content/uploads/gift_cards_monochrome/Google Play UK.bmp
GGLPLYUSUSD50US,https://switch.com.iq/wp-content/uploads/gift_cards_monochrome/Google Play UK.bmp
GGLPLYUSUSD15US,https://switch.com.iq/wp-content/uploads/gift_cards_monochrome/Google Play UK.bmp
GGLPLYUSUSD25US,https://switch.com.iq/wp-content/uploads/gift_cards_monochrome/Google Play UK.bmp
GGLPLYUSUSD10US,https://switch.com.iq/wp-content/uploads/gift_cards_monochrome/Google Play UK.bmp
GGLPLYUSUSD5US,https://switch.com.iq/wp-content/uploads/gift_cards_monochrome/Google Play UK.bmp
FRFIR110DMND,https://switch.com.iq/wp-content/uploads/gift_cards_monochrome/Free Fire.bmp
FRFIR231DMND,https://switch.com.iq/wp-content/uploads/gift_cards_monochrome/Free Fire.bmp
FRFIR24200DMND,https://switch.com.iq/wp-content/uploads/gift_cards_monochrome/Free Fire.bmp
FRFIR583DMND,https://switch.com.iq/wp-content/uploads/gift_cards_monochrome/Free Fire.bmp
FRFIR1188DMND,https://switch.com.iq/wp-content/uploads/gift_cards_monochrome/Free Fire.bmp
ITNSUSUSD30US,https://switch.com.iq/wp-content/uploads/gift_cards_monochrome/iTunes.bmp
ITNSUSUSD50US,https://switch.com.iq/wp-content/uploads/gift_cards_monochrome/iTunes.bmp
ITNSUSUSD100US,https://switch.com.iq/wp-content/uploads/gift_cards_monochrome/iTunes.bmp
ITNSUSUSD300US,https://switch.com.iq/wp-content/uploads/gift_cards_monochrome/iTunes.bmp
ITNSUSUSD400US,https://switch.com.iq/wp-content/uploads/gift_cards_monochrome/iTunes.bmp
ITNSUSUSD500US,https://switch.com.iq/wp-content/uploads/gift_cards_monochrome/iTunes.bmp
ITNSUSUSD3US,https://switch.com.iq/wp-content/uploads/gift_cards_monochrome/iTunes.bmp
ITNSUSUSD4US,https://switch.com.iq/wp-content/uploads/gift_cards_monochrome/iTunes.bmp
ITNSUSUSD40US,
ITNSUKGBP10GB,https://switch.com.iq/wp-content/uploads/gift_cards_monochrome/iTunes.bmp
ITNSUSUSD5US,https://switch.com.iq/wp-content/uploads/gift_cards_monochrome/iTunes.bmp
ITNSUSUSD25US,https://switch.com.iq/wp-content/uploads/gift_cards_monochrome/iTunes.bmp
ITNSUSUSD200US,https://switch.com.iq/wp-content/uploads/gift_cards_monochrome/iTunes.bmp
ITNSUSUSD2US,https://switch.com.iq/wp-content/uploads/gift_cards_monochrome/iTunes.bmp
ITNSUSUSD20US,https://switch.com.iq/wp-content/uploads/gift_cards_monochrome/iTunes.bmp
ITNSUSUSD15US,https://switch.com.iq/wp-content/uploads/gift_cards_monochrome/iTunes.bmp
ITNSUSUSD10US,https://switch.com.iq/wp-content/uploads/gift_cards_monochrome/iTunes.bmp
ITNSUKGBP50GB,https://switch.com.iq/wp-content/uploads/gift_cards_monochrome/iTunes.bmp
ITNSUKGBP25GB,https://switch.com.iq/wp-content/uploads/gift_cards_monochrome/iTunes.bmp
ITNSUKGBP100GB,https://switch.com.iq/wp-content/uploads/gift_cards_monochrome/iTunes.bmp
PBG60UC,https://switch.com.iq/wp-content/uploads/gift_cards_monochrome/PUBG.bmp
PBG1800UC,https://switch.com.iq/wp-content/uploads/gift_cards_monochrome/PUBG.bmp
PUBG16200UC,https://switch.com.iq/wp-content/uploads/gift_cards_monochrome/PUBG.bmp
PBG8100UC,https://switch.com.iq/wp-content/uploads/gift_cards_monochrome/PUBG.bmp
PBG1500+300UC,https://switch.com.iq/wp-content/uploads/gift_cards_monochrome/PUBG.bmp
PBG300+25UC,https://switch.com.iq/wp-content/uploads/gift_cards_monochrome/PUBG.bmp
PBG600+60UC,https://switch.com.iq/wp-content/uploads/gift_cards_monochrome/PUBG.bmp
PBG3000+850UC,https://switch.com.iq/wp-content/uploads/gift_cards_monochrome/PUBG.bmp
PBG190UC,https://switch.com.iq/wp-content/uploads/gift_cards_monochrome/PUBG.bmp
PLYSTNTWRKUKGBP20GB,https://switch.com.iq/wp-content/uploads/gift_cards_monochrome/PlayStation Network.bmp
PLSTNTRKUK3MNTMBRGB,https://switch.com.iq/wp-content/uploads/gift_cards_monochrome/PlayStation Network.bmp
PLYSTNUSD20US,https://switch.com.iq/wp-content/uploads/gift_cards_monochrome/PlayStation Network.bmp
PLYSTNUSD50US,https://switch.com.iq/wp-content/uploads/gift_cards_monochrome/PlayStation Network.bmp
PLYSTN3MNTMBRUS,https://switch.com.iq/wp-content/uploads/gift_cards_monochrome/PlayStation Network.bmp
PLYSTN12MNTMBRUS,https://switch.com.iq/wp-content/uploads/gift_cards_monochrome/PlayStation Network.bmp
PLYSTNUSD10US,https://switch.com.iq/wp-content/uploads/gift_cards_monochrome/PlayStation Network.bmp
PLYSTNUSD75US,https://switch.com.iq/wp-content/uploads/gift_cards_monochrome/PlayStation Network.bmp
PLAYSTNUSD60US,https://switch.com.iq/wp-content/uploads/gift_cards_monochrome/PlayStation Network.bmp
PLYSTN4600FA20BH,https://switch.com.iq/wp-content/uploads/gift_cards_monochrome/PlayStation Network.bmp
PLYSTN12000FA20BH,https://switch.com.iq/wp-content/uploads/gift_cards_monochrome/PlayStation Network.bmp
PLYSTN4600FA20KW,https://switch.com.iq/wp-content/uploads/gift_cards_monochrome/PlayStation Network.bmp
PLYSTN1050FA20KW,https://switch.com.iq/wp-content/uploads/gift_cards_monochrome/PlayStation Network.bmp
PLYSTN4600FA20OM,https://switch.com.iq/wp-content/uploads/gift_cards_monochrome/PlayStation Network.bmp
PLYSTN1050FA20OM,https://switch.com.iq/wp-content/uploads/gift_cards_monochrome/PlayStation Network.bmp
PLYSTN12MNTMBRUAE,https://switch.com.iq/wp-content/uploads/gift_cards_monochrome/PlayStation Network.bmp
PLYSTN500FA20UAE,https://switch.com.iq/wp-content/uploads/gift_cards_monochrome/PlayStation Network.bmp
PLYSTN4600FA20UAE,https://switch.com.iq/wp-content/uploads/gift_cards_monochrome/PlayStation Network.bmp
PLYSTNTWRKUKGBP5GB,https://switch.com.iq/wp-content/uploads/gift_cards_monochrome/PlayStation Network.bmp
PLYSTNTWRKUKGBP50GB,https://switch.com.iq/wp-content/uploads/gift_cards_monochrome/PlayStation Network.bmp
PLYSTNUSD100US,https://switch.com.iq/wp-content/uploads/gift_cards_monochrome/PlayStation Network.bmp
PLYSTNUSD25US,https://switch.com.iq/wp-content/uploads/gift_cards_monochrome/PlayStation Network.bmp
PLYSTN750FA20KW,https://switch.com.iq/wp-content/uploads/gift_cards_monochrome/PlayStation Network.bmp
PLYSTN1600FA20KW,https://switch.com.iq/wp-content/uploads/gift_cards_monochrome/PlayStation Network.bmp
PLYSTN12000FA20KW,https://switch.com.iq/wp-content/uploads/gift_cards_monochrome/PlayStation Network.bmp
PLYSTN2200FA20OM,https://switch.com.iq/wp-content/uploads/gift_cards_monochrome/PlayStation Network.bmp
PLYSTN12000FA20OM,https://switch.com.iq/wp-content/uploads/gift_cards_monochrome/PlayStation Network.bmp
PLYSTN1600FA20OM,https://switch.com.iq/wp-content/uploads/gift_cards_monochrome/PlayStation Network.bmp
PLYSTN500FA20OM,https://switch.com.iq/wp-content/uploads/gift_cards_monochrome/PlayStation Network.bmp
PLYSTN750FA20OM,https://switch.com.iq/wp-content/uploads/gift_cards_monochrome/PlayStation Network.bmp
PLYSTNUSD5UAE,https://switch.com.iq/wp-content/uploads/gift_cards_monochrome/PlayStation Network.bmp
PLYSTN3MNTMBRUAE,https://switch.com.iq/wp-content/uploads/gift_cards_monochrome/PlayStation Network.bmp
PLYSTNUAEUSD10UAE,https://switch.com.iq/wp-content/uploads/gift_cards_monochrome/PlayStation Network.bmp
PLYSTNUAEUSD20UAE,https://switch.com.iq/wp-content/uploads/gift_cards_monochrome/PlayStation Network.bmp
PLYSTNUAEUSD50UAE,https://switch.com.iq/wp-content/uploads/gift_cards_monochrome/PlayStation Network.bmp
PLYSTN500FA20BH,https://switch.com.iq/wp-content/uploads/gift_cards_monochrome/PlayStation Network.bmp
PLYSTN750FA20BH,https://switch.com.iq/wp-content/uploads/gift_cards_monochrome/PlayStation Network.bmp
PLYSTN2200FA20BH,https://switch.com.iq/wp-content/uploads/gift_cards_monochrome/PlayStation Network.bmp
PLYSTN1600FA20BH,https://switch.com.iq/wp-content/uploads/gift_cards_monochrome/PlayStation Network.bmp
PLYSTN1050FA20BH,https://switch.com.iq/wp-content/uploads/gift_cards_monochrome/PlayStation Network.bmp
PLYSTN500FA20KW,https://switch.com.iq/wp-content/uploads/gift_cards_monochrome/PlayStation Network.bmp
PLYSTN2200FA20KW,https://switch.com.iq/wp-content/uploads/gift_cards_monochrome/PlayStation Network.bmp
PLYSTNPLS3MNTHUS,https://switch.com.iq/wp-content/uploads/gift_cards_monochrome/PlayStation Network.bmp
PLYSTNPLS12MONTHUS,https://switch.com.iq/wp-content/uploads/gift_cards_monochrome/PlayStation Network.bmp
PLYSTN1MNTMBRUAE,https://switch.com.iq/wp-content/uploads/gift_cards_monochrome/PlayStation Network.bmp
PLYSTN12000FA20UAE,https://switch.com.iq/wp-content/uploads/gift_cards_monochrome/PlayStation Network.bmp
PLYSTN1600FA20UAE,https://switch.com.iq/wp-content/uploads/gift_cards_monochrome/PlayStation Network.bmp
PLYSTN750FA20UAE,https://switch.com.iq/wp-content/uploads/gift_cards_monochrome/PlayStation Network.bmp
PLYSTN1050FA20UAE,https://switch.com.iq/wp-content/uploads/gift_cards_monochrome/PlayStation Network.bmp
PLYSTN2200FAUAE,https://switch.com.iq/wp-content/uploads/gift_cards_monochrome/PlayStation Network.bmp
PLYSTNTWRKUKGBP10GB,https://switch.com.iq/wp-content/uploads/gift_cards_monochrome/PlayStation Network.bmp
APLID,https://switch.com.iq/wp-content/uploads/gift_cards_monochrome/Apple.bmp
GMLID,https://switch.com.iq/wp-content/uploads/gift_cards_monochrome/Gmail.bmp
MCECOM100USD,https://switch.com.iq/wp-content/uploads/gift_cards_monochrome/Switch E commerce.bmp
MCECOM300USD,https://switch.com.iq/wp-content/uploads/gift_cards_monochrome/Switch E commerce.bmp
VISAECOM10USD,
VISAECOM25USD,
VISAECOM50USD,
VISAECOM100USD,
VISAECOM300USD,
MCECOM50USD,https://switch.com.iq/wp-content/uploads/gift_cards_monochrome/Switch E commerce.bmphttps://switch.com.iq/wp-content/uploads/gift_cards_monochrome/Switch E commerce.bmp
MCECOM10USD,https://switch.com.iq/wp-content/uploads/gift_cards_monochrome/Switch E commerce.bmp
MCECOM25USD,https://switch.com.iq/wp-content/uploads/gift_cards_monochrome/Switch E commerce.bmp
ECMRC12.5$,https://switch.com.iq/wp-content/uploads/gift_cards_monochrome/Switch E commerce.bmp
E-Com12.5$,
E-com25$,
5KIQD,
Data4GB,
15KIQD,
20KIQD,
25KIQD,
30KIQD,
Data5GB,
2KIQD,
35KIQD,
50KIQD,
100KIQD,
Micro250,
Micro500,
Micro1K,
10KIQD,